-- MySQL dump 10.13  Distrib 5.1.49, for debian-linux-gnu (x86_64)
--
-- Host: localhost    Database: ninja
-- ------------------------------------------------------
-- Server version	5.1.49-1ubuntu8.1

/*!40101 SET @OLD_CHARACTER_SET_CLIENT=@@CHARACTER_SET_CLIENT */;
/*!40101 SET @OLD_CHARACTER_SET_RESULTS=@@CHARACTER_SET_RESULTS */;
/*!40101 SET @OLD_COLLATION_CONNECTION=@@COLLATION_CONNECTION */;
/*!40101 SET NAMES utf8 */;
/*!40103 SET @OLD_TIME_ZONE=@@TIME_ZONE */;
/*!40103 SET TIME_ZONE='+00:00' */;
/*!40014 SET @OLD_UNIQUE_CHECKS=@@UNIQUE_CHECKS, UNIQUE_CHECKS=0 */;
/*!40014 SET @OLD_FOREIGN_KEY_CHECKS=@@FOREIGN_KEY_CHECKS, FOREIGN_KEY_CHECKS=0 */;
/*!40101 SET @OLD_SQL_MODE=@@SQL_MODE, SQL_MODE='NO_AUTO_VALUE_ON_ZERO' */;
/*!40111 SET @OLD_SQL_NOTES=@@SQL_NOTES, SQL_NOTES=0 */;

--
-- Current Database: `ninja`
--

CREATE DATABASE /*!32312 IF NOT EXISTS*/ `ninja` /*!40100 DEFAULT CHARACTER SET latin1 */;

USE `ninja`;

--
-- Table structure for table `sym_authors`
--

DROP TABLE IF EXISTS `sym_authors`;
/*!40101 SET @saved_cs_client     = @@character_set_client */;
/*!40101 SET character_set_client = utf8 */;
CREATE TABLE `sym_authors` (
  `id` int(11) unsigned NOT NULL AUTO_INCREMENT,
  `username` varchar(20) COLLATE utf8_unicode_ci NOT NULL DEFAULT '',
  `password` varchar(40) COLLATE utf8_unicode_ci NOT NULL,
  `first_name` varchar(100) COLLATE utf8_unicode_ci DEFAULT NULL,
  `last_name` varchar(100) COLLATE utf8_unicode_ci DEFAULT NULL,
  `email` varchar(255) COLLATE utf8_unicode_ci DEFAULT NULL,
  `last_seen` datetime DEFAULT '0000-00-00 00:00:00',
  `user_type` enum('author','developer') COLLATE utf8_unicode_ci NOT NULL DEFAULT 'author',
  `primary` enum('yes','no') COLLATE utf8_unicode_ci NOT NULL DEFAULT 'no',
  `default_section` int(11) NOT NULL,
  `auth_token_active` enum('yes','no') COLLATE utf8_unicode_ci NOT NULL DEFAULT 'no',
  `language` varchar(15) COLLATE utf8_unicode_ci DEFAULT NULL,
  PRIMARY KEY (`id`),
  UNIQUE KEY `username` (`username`)
) ENGINE=MyISAM AUTO_INCREMENT=2 DEFAULT CHARSET=utf8 COLLATE=utf8_unicode_ci;
/*!40101 SET character_set_client = @saved_cs_client */;

--
-- Dumping data for table `sym_authors`
--

LOCK TABLES `sym_authors` WRITE;
/*!40000 ALTER TABLE `sym_authors` DISABLE KEYS */;
INSERT INTO `sym_authors` VALUES (1,'admin','4ecb9d2b21439d3e2d139b23358140cfa6f14203','Marco','Sampellegrini','m@rcosa.mp','2010-11-17 11:20:45','developer','yes',6,'no',NULL);
/*!40000 ALTER TABLE `sym_authors` ENABLE KEYS */;
UNLOCK TABLES;

--
-- Table structure for table `sym_cache`
--

DROP TABLE IF EXISTS `sym_cache`;
/*!40101 SET @saved_cs_client     = @@character_set_client */;
/*!40101 SET character_set_client = utf8 */;
CREATE TABLE `sym_cache` (
  `id` int(11) unsigned NOT NULL AUTO_INCREMENT,
  `hash` varchar(32) COLLATE utf8_unicode_ci NOT NULL DEFAULT '',
  `creation` int(14) NOT NULL DEFAULT '0',
  `expiry` int(14) unsigned DEFAULT NULL,
  `data` longtext COLLATE utf8_unicode_ci NOT NULL,
  PRIMARY KEY (`id`),
  KEY `creation` (`creation`),
  KEY `hash` (`hash`)
) ENGINE=MyISAM AUTO_INCREMENT=2 DEFAULT CHARSET=utf8 COLLATE=utf8_unicode_ci;
/*!40101 SET character_set_client = @saved_cs_client */;

--
-- Dumping data for table `sym_cache`
--

LOCK TABLES `sym_cache` WRITE;
/*!40000 ALTER TABLE `sym_cache` DISABLE KEYS */;
INSERT INTO `sym_cache` VALUES (1,'_session_config',1286179787,NULL,'eJwzBAAAMgAy');
/*!40000 ALTER TABLE `sym_cache` ENABLE KEYS */;
UNLOCK TABLES;

--
-- Table structure for table `sym_entries`
--

DROP TABLE IF EXISTS `sym_entries`;
/*!40101 SET @saved_cs_client     = @@character_set_client */;
/*!40101 SET character_set_client = utf8 */;
CREATE TABLE `sym_entries` (
  `id` int(11) unsigned NOT NULL AUTO_INCREMENT,
  `section_id` int(11) unsigned NOT NULL,
  `author_id` int(11) unsigned NOT NULL,
  `creation_date` datetime NOT NULL,
  `creation_date_gmt` datetime NOT NULL,
  PRIMARY KEY (`id`),
  KEY `section_id` (`section_id`),
  KEY `author_id` (`author_id`),
  KEY `creation_date` (`creation_date`),
  KEY `creation_date_gmt` (`creation_date_gmt`)
) ENGINE=MyISAM AUTO_INCREMENT=21 DEFAULT CHARSET=utf8 COLLATE=utf8_unicode_ci;
/*!40101 SET character_set_client = @saved_cs_client */;

--
-- Dumping data for table `sym_entries`
--

LOCK TABLES `sym_entries` WRITE;
/*!40000 ALTER TABLE `sym_entries` DISABLE KEYS */;
INSERT INTO `sym_entries` VALUES (8,1,1,'2010-10-17 12:30:25','2010-10-17 10:30:25'),(20,1,1,'2010-11-17 11:11:46','2010-11-17 10:11:46'),(16,1,1,'2010-11-16 15:39:02','2010-11-16 14:39:02'),(17,1,1,'2010-11-17 09:54:11','2010-11-17 08:54:11'),(19,1,1,'2010-11-17 10:28:28','2010-11-17 09:28:28');
/*!40000 ALTER TABLE `sym_entries` ENABLE KEYS */;
UNLOCK TABLES;

--
-- Table structure for table `sym_entries_data_1`
--

DROP TABLE IF EXISTS `sym_entries_data_1`;
/*!40101 SET @saved_cs_client     = @@character_set_client */;
/*!40101 SET character_set_client = utf8 */;
CREATE TABLE `sym_entries_data_1` (
  `id` int(11) unsigned NOT NULL AUTO_INCREMENT,
  `entry_id` int(11) unsigned NOT NULL,
  `handle` varchar(255) DEFAULT NULL,
  `value` varchar(255) DEFAULT NULL,
  PRIMARY KEY (`id`),
  KEY `entry_id` (`entry_id`),
  KEY `handle` (`handle`),
  KEY `value` (`value`)
) ENGINE=MyISAM AUTO_INCREMENT=195 DEFAULT CHARSET=latin1;
/*!40101 SET character_set_client = @saved_cs_client */;

--
-- Dumping data for table `sym_entries_data_1`
--

LOCK TABLES `sym_entries_data_1` WRITE;
/*!40000 ALTER TABLE `sym_entries_data_1` DISABLE KEYS */;
INSERT INTO `sym_entries_data_1` VALUES (155,8,'ebf38sjf73','ebf38sjf73'),(163,16,'c3c4ccfcd9','c3c4ccfcd9'),(176,17,'b173c56641','b173c56641'),(194,20,'3e759f35b9','3e759f35b9'),(191,19,'62d73f4e90','62d73f4e90');
/*!40000 ALTER TABLE `sym_entries_data_1` ENABLE KEYS */;
UNLOCK TABLES;

--
-- Table structure for table `sym_entries_data_2`
--

DROP TABLE IF EXISTS `sym_entries_data_2`;
/*!40101 SET @saved_cs_client     = @@character_set_client */;
/*!40101 SET character_set_client = utf8 */;
CREATE TABLE `sym_entries_data_2` (
  `id` int(11) unsigned NOT NULL AUTO_INCREMENT,
  `entry_id` int(11) unsigned NOT NULL,
  `handle` varchar(255) DEFAULT NULL,
  `value` varchar(255) DEFAULT NULL,
  PRIMARY KEY (`id`),
  KEY `entry_id` (`entry_id`),
  KEY `handle` (`handle`),
  KEY `value` (`value`)
) ENGINE=MyISAM AUTO_INCREMENT=195 DEFAULT CHARSET=latin1;
/*!40101 SET character_set_client = @saved_cs_client */;

--
-- Dumping data for table `sym_entries_data_2`
--

LOCK TABLES `sym_entries_data_2` WRITE;
/*!40000 ALTER TABLE `sym_entries_data_2` DISABLE KEYS */;
INSERT INTO `sym_entries_data_2` VALUES (155,8,'test','Test'),(163,16,'snippet-c3c4ccfcd9','Snippet #c3c4ccfcd9'),(176,17,'yet-another-snippet','Yet another snippet'),(194,20,'ayooooooooooooo','ayooooooooooooo'),(191,19,'yet-another-snippet','Yet another snippet');
/*!40000 ALTER TABLE `sym_entries_data_2` ENABLE KEYS */;
UNLOCK TABLES;

--
-- Table structure for table `sym_entries_data_3`
--

DROP TABLE IF EXISTS `sym_entries_data_3`;
/*!40101 SET @saved_cs_client     = @@character_set_client */;
/*!40101 SET character_set_client = utf8 */;
CREATE TABLE `sym_entries_data_3` (
  `id` int(11) unsigned NOT NULL AUTO_INCREMENT,
  `entry_id` int(11) unsigned NOT NULL,
  `value` text,
  `value_formatted` text,
  PRIMARY KEY (`id`),
  KEY `entry_id` (`entry_id`),
  FULLTEXT KEY `value` (`value`)
) ENGINE=MyISAM AUTO_INCREMENT=195 DEFAULT CHARSET=latin1;
/*!40101 SET character_set_client = @saved_cs_client */;

--
-- Dumping data for table `sym_entries_data_3`
--

LOCK TABLES `sym_entries_data_3` WRITE;
/*!40000 ALTER TABLE `sym_entries_data_3` DISABLE KEYS */;
INSERT INTO `sym_entries_data_3` VALUES (155,8,'A way too cool descon.\r\nJesus, two rows! of goodness!!!!\r\nA way too cool descon.\r\nJesus, two rows! of goodness!!!!',NULL),(163,16,NULL,NULL),(176,17,'brand new!',NULL),(191,19,'brand new!',NULL),(194,20,'test snippet ^^',NULL);
/*!40000 ALTER TABLE `sym_entries_data_3` ENABLE KEYS */;
UNLOCK TABLES;

--
-- Table structure for table `sym_entries_data_4`
--

DROP TABLE IF EXISTS `sym_entries_data_4`;
/*!40101 SET @saved_cs_client     = @@character_set_client */;
/*!40101 SET character_set_client = utf8 */;
CREATE TABLE `sym_entries_data_4` (
  `id` int(11) unsigned NOT NULL AUTO_INCREMENT,
  `entry_id` int(11) unsigned NOT NULL,
  `handle` varchar(255) DEFAULT NULL,
  `value` varchar(255) DEFAULT NULL,
  PRIMARY KEY (`id`),
  KEY `entry_id` (`entry_id`),
  KEY `handle` (`handle`),
  KEY `value` (`value`)
) ENGINE=MyISAM AUTO_INCREMENT=165 DEFAULT CHARSET=latin1;
/*!40101 SET character_set_client = @saved_cs_client */;

--
-- Dumping data for table `sym_entries_data_4`
--

LOCK TABLES `sym_entries_data_4` WRITE;
/*!40000 ALTER TABLE `sym_entries_data_4` DISABLE KEYS */;
INSERT INTO `sym_entries_data_4` VALUES (125,8,'stronzoxml','stronzo.xml'),(133,16,'sourcexml','source.xml'),(146,17,'sourcexml','source.xml'),(164,20,'sourcexml','source.xml'),(161,19,'sourcexml','source.xml');
/*!40000 ALTER TABLE `sym_entries_data_4` ENABLE KEYS */;
UNLOCK TABLES;

--
-- Table structure for table `sym_entries_data_5`
--

DROP TABLE IF EXISTS `sym_entries_data_5`;
/*!40101 SET @saved_cs_client     = @@character_set_client */;
/*!40101 SET character_set_client = utf8 */;
CREATE TABLE `sym_entries_data_5` (
  `id` int(11) unsigned NOT NULL AUTO_INCREMENT,
  `entry_id` int(11) unsigned NOT NULL,
  `handle` varchar(255) DEFAULT NULL,
  `value` varchar(255) DEFAULT NULL,
  PRIMARY KEY (`id`),
  KEY `entry_id` (`entry_id`),
  KEY `handle` (`handle`),
  KEY `value` (`value`)
) ENGINE=MyISAM AUTO_INCREMENT=187 DEFAULT CHARSET=latin1;
/*!40101 SET character_set_client = @saved_cs_client */;

--
-- Dumping data for table `sym_entries_data_5`
--

LOCK TABLES `sym_entries_data_5` WRITE;
/*!40000 ALTER TABLE `sym_entries_data_5` DISABLE KEYS */;
INSERT INTO `sym_entries_data_5` VALUES (149,8,'piustronzoxsl','piustronzo.xsl'),(157,16,'masterxsl','master.xsl'),(170,17,'masterxsl','master.xsl'),(186,20,'masterxsl','master.xsl'),(183,19,'masterxsl','master.xsl');
/*!40000 ALTER TABLE `sym_entries_data_5` ENABLE KEYS */;
UNLOCK TABLES;

--
-- Table structure for table `sym_entries_data_6`
--

DROP TABLE IF EXISTS `sym_entries_data_6`;
/*!40101 SET @saved_cs_client     = @@character_set_client */;
/*!40101 SET character_set_client = utf8 */;
CREATE TABLE `sym_entries_data_6` (
  `id` int(11) unsigned NOT NULL AUTO_INCREMENT,
  `entry_id` int(11) unsigned NOT NULL,
  `handle` varchar(255) DEFAULT NULL,
  `value` varchar(255) DEFAULT NULL,
  PRIMARY KEY (`id`),
  KEY `entry_id` (`entry_id`),
  KEY `handle` (`handle`),
  KEY `value` (`value`)
) ENGINE=MyISAM DEFAULT CHARSET=latin1;
/*!40101 SET character_set_client = @saved_cs_client */;

--
-- Dumping data for table `sym_entries_data_6`
--

LOCK TABLES `sym_entries_data_6` WRITE;
/*!40000 ALTER TABLE `sym_entries_data_6` DISABLE KEYS */;
/*!40000 ALTER TABLE `sym_entries_data_6` ENABLE KEYS */;
UNLOCK TABLES;

--
-- Table structure for table `sym_entries_data_7`
--

DROP TABLE IF EXISTS `sym_entries_data_7`;
/*!40101 SET @saved_cs_client     = @@character_set_client */;
/*!40101 SET character_set_client = utf8 */;
CREATE TABLE `sym_entries_data_7` (
  `id` int(11) unsigned NOT NULL AUTO_INCREMENT,
  `entry_id` int(11) unsigned NOT NULL,
  `handle` varchar(255) DEFAULT NULL,
  `value` varchar(255) DEFAULT NULL,
  PRIMARY KEY (`id`),
  KEY `entry_id` (`entry_id`),
  KEY `handle` (`handle`),
  KEY `value` (`value`)
) ENGINE=MyISAM DEFAULT CHARSET=latin1;
/*!40101 SET character_set_client = @saved_cs_client */;

--
-- Dumping data for table `sym_entries_data_7`
--

LOCK TABLES `sym_entries_data_7` WRITE;
/*!40000 ALTER TABLE `sym_entries_data_7` DISABLE KEYS */;
/*!40000 ALTER TABLE `sym_entries_data_7` ENABLE KEYS */;
UNLOCK TABLES;

--
-- Table structure for table `sym_entries_data_8`
--

DROP TABLE IF EXISTS `sym_entries_data_8`;
/*!40101 SET @saved_cs_client     = @@character_set_client */;
/*!40101 SET character_set_client = utf8 */;
CREATE TABLE `sym_entries_data_8` (
  `id` int(11) unsigned NOT NULL AUTO_INCREMENT,
  `entry_id` int(11) unsigned NOT NULL,
  `relation_id` int(11) unsigned DEFAULT NULL,
  PRIMARY KEY (`id`),
  KEY `entry_id` (`entry_id`),
  KEY `relation_id` (`relation_id`)
) ENGINE=MyISAM AUTO_INCREMENT=52 DEFAULT CHARSET=latin1;
/*!40101 SET character_set_client = @saved_cs_client */;

--
-- Dumping data for table `sym_entries_data_8`
--

LOCK TABLES `sym_entries_data_8` WRITE;
/*!40000 ALTER TABLE `sym_entries_data_8` DISABLE KEYS */;
INSERT INTO `sym_entries_data_8` VALUES (12,8,NULL),(20,16,NULL),(33,17,NULL),(51,20,NULL),(48,19,NULL);
/*!40000 ALTER TABLE `sym_entries_data_8` ENABLE KEYS */;
UNLOCK TABLES;

--
-- Table structure for table `sym_extensions`
--

DROP TABLE IF EXISTS `sym_extensions`;
/*!40101 SET @saved_cs_client     = @@character_set_client */;
/*!40101 SET character_set_client = utf8 */;
CREATE TABLE `sym_extensions` (
  `id` int(11) NOT NULL AUTO_INCREMENT,
  `name` varchar(255) COLLATE utf8_unicode_ci NOT NULL DEFAULT '',
  `status` enum('enabled','disabled') COLLATE utf8_unicode_ci NOT NULL DEFAULT 'enabled',
  `version` varchar(20) COLLATE utf8_unicode_ci NOT NULL,
  PRIMARY KEY (`id`),
  KEY `name` (`name`)
) ENGINE=MyISAM AUTO_INCREMENT=14 DEFAULT CHARSET=utf8 COLLATE=utf8_unicode_ci;
/*!40101 SET character_set_client = @saved_cs_client */;

--
-- Dumping data for table `sym_extensions`
--

LOCK TABLES `sym_extensions` WRITE;
/*!40000 ALTER TABLE `sym_extensions` DISABLE KEYS */;
INSERT INTO `sym_extensions` VALUES (11,'openid_auth','enabled','0.1'),(2,'debugdevkit','enabled','1.0.8'),(4,'symquery','enabled','0.1.0'),(5,'profiledevkit','enabled','1.0.4'),(13,'ninja','enabled','1.0'),(12,'selectbox_link_field','enabled','1.18');
/*!40000 ALTER TABLE `sym_extensions` ENABLE KEYS */;
UNLOCK TABLES;

--
-- Table structure for table `sym_extensions_delegates`
--

DROP TABLE IF EXISTS `sym_extensions_delegates`;
/*!40101 SET @saved_cs_client     = @@character_set_client */;
/*!40101 SET character_set_client = utf8 */;
CREATE TABLE `sym_extensions_delegates` (
  `id` int(11) unsigned NOT NULL AUTO_INCREMENT,
  `extension_id` int(11) NOT NULL,
  `page` varchar(100) COLLATE utf8_unicode_ci NOT NULL,
  `delegate` varchar(100) COLLATE utf8_unicode_ci NOT NULL,
  `callback` varchar(100) COLLATE utf8_unicode_ci NOT NULL,
  PRIMARY KEY (`id`),
  KEY `extension_id` (`extension_id`),
  KEY `page` (`page`),
  KEY `delegate` (`delegate`)
) ENGINE=MyISAM AUTO_INCREMENT=12 DEFAULT CHARSET=utf8 COLLATE=utf8_unicode_ci;
/*!40101 SET character_set_client = @saved_cs_client */;

--
-- Dumping data for table `sym_extensions_delegates`
--

LOCK TABLES `sym_extensions_delegates` WRITE;
/*!40000 ALTER TABLE `sym_extensions_delegates` DISABLE KEYS */;
INSERT INTO `sym_extensions_delegates` VALUES (1,2,'/frontend/','FrontendDevKitResolve','frontendDevKitResolve'),(2,2,'/frontend/','ManipulateDevKitNavigation','manipulateDevKitNavigation'),(3,5,'/frontend/','FrontendDevKitResolve','frontendDevKitResolve'),(4,5,'/frontend/','ManipulateDevKitNavigation','manipulateDevKitNavigation'),(5,5,'/frontend/','FrontendOutputPostGenerate','FrontendOutputPostGenerate'),(10,11,'/frontend/','openidAuthComplete','authenticationComplete'),(11,13,'/frontend/','FrontendParamsResolve','FrontendParamsResolve');
/*!40000 ALTER TABLE `sym_extensions_delegates` ENABLE KEYS */;
UNLOCK TABLES;

--
-- Table structure for table `sym_fields`
--

DROP TABLE IF EXISTS `sym_fields`;
/*!40101 SET @saved_cs_client     = @@character_set_client */;
/*!40101 SET character_set_client = utf8 */;
CREATE TABLE `sym_fields` (
  `id` int(11) unsigned NOT NULL AUTO_INCREMENT,
  `label` varchar(255) COLLATE utf8_unicode_ci NOT NULL,
  `element_name` varchar(50) COLLATE utf8_unicode_ci NOT NULL,
  `type` varchar(32) COLLATE utf8_unicode_ci NOT NULL,
  `parent_section` int(11) NOT NULL DEFAULT '0',
  `required` enum('yes','no') COLLATE utf8_unicode_ci NOT NULL DEFAULT 'yes',
  `sortorder` int(11) NOT NULL DEFAULT '1',
  `location` enum('main','sidebar') COLLATE utf8_unicode_ci NOT NULL DEFAULT 'main',
  `show_column` enum('yes','no') COLLATE utf8_unicode_ci NOT NULL DEFAULT 'no',
  PRIMARY KEY (`id`),
  KEY `index` (`element_name`,`type`,`parent_section`)
) ENGINE=MyISAM AUTO_INCREMENT=9 DEFAULT CHARSET=utf8 COLLATE=utf8_unicode_ci;
/*!40101 SET character_set_client = @saved_cs_client */;

--
-- Dumping data for table `sym_fields`
--

LOCK TABLES `sym_fields` WRITE;
/*!40000 ALTER TABLE `sym_fields` DISABLE KEYS */;
INSERT INTO `sym_fields` VALUES (1,'uniq-id','uniq-id','input',1,'yes',0,'main','yes'),(2,'Title','title','input',1,'no',1,'main','yes'),(3,'Description','description','textarea',1,'no',2,'main','no'),(4,'Main XML file','main-xml-file','input',1,'no',3,'main','yes'),(5,'Main XSL file','main-xsl-file','input',1,'no',4,'main','yes'),(6,'Name','name','input',2,'yes',0,'main','yes'),(7,'OpenID','openid','input',2,'yes',1,'main','yes'),(8,'User','user','selectbox_link',1,'no',5,'main','yes');
/*!40000 ALTER TABLE `sym_fields` ENABLE KEYS */;
UNLOCK TABLES;

--
-- Table structure for table `sym_fields_author`
--

DROP TABLE IF EXISTS `sym_fields_author`;
/*!40101 SET @saved_cs_client     = @@character_set_client */;
/*!40101 SET character_set_client = utf8 */;
CREATE TABLE `sym_fields_author` (
  `id` int(11) unsigned NOT NULL AUTO_INCREMENT,
  `field_id` int(11) unsigned NOT NULL,
  `allow_author_change` enum('yes','no') COLLATE utf8_unicode_ci NOT NULL,
  `allow_multiple_selection` enum('yes','no') COLLATE utf8_unicode_ci NOT NULL DEFAULT 'no',
  `default_to_current_user` enum('yes','no') COLLATE utf8_unicode_ci NOT NULL,
  PRIMARY KEY (`id`),
  UNIQUE KEY `field_id` (`field_id`)
) ENGINE=MyISAM DEFAULT CHARSET=utf8 COLLATE=utf8_unicode_ci;
/*!40101 SET character_set_client = @saved_cs_client */;

--
-- Dumping data for table `sym_fields_author`
--

LOCK TABLES `sym_fields_author` WRITE;
/*!40000 ALTER TABLE `sym_fields_author` DISABLE KEYS */;
/*!40000 ALTER TABLE `sym_fields_author` ENABLE KEYS */;
UNLOCK TABLES;

--
-- Table structure for table `sym_fields_checkbox`
--

DROP TABLE IF EXISTS `sym_fields_checkbox`;
/*!40101 SET @saved_cs_client     = @@character_set_client */;
/*!40101 SET character_set_client = utf8 */;
CREATE TABLE `sym_fields_checkbox` (
  `id` int(11) unsigned NOT NULL AUTO_INCREMENT,
  `field_id` int(11) unsigned NOT NULL,
  `default_state` enum('on','off') COLLATE utf8_unicode_ci NOT NULL DEFAULT 'on',
  `description` varchar(255) COLLATE utf8_unicode_ci DEFAULT NULL,
  PRIMARY KEY (`id`),
  KEY `field_id` (`field_id`)
) ENGINE=MyISAM DEFAULT CHARSET=utf8 COLLATE=utf8_unicode_ci;
/*!40101 SET character_set_client = @saved_cs_client */;

--
-- Dumping data for table `sym_fields_checkbox`
--

LOCK TABLES `sym_fields_checkbox` WRITE;
/*!40000 ALTER TABLE `sym_fields_checkbox` DISABLE KEYS */;
/*!40000 ALTER TABLE `sym_fields_checkbox` ENABLE KEYS */;
UNLOCK TABLES;

--
-- Table structure for table `sym_fields_date`
--

DROP TABLE IF EXISTS `sym_fields_date`;
/*!40101 SET @saved_cs_client     = @@character_set_client */;
/*!40101 SET character_set_client = utf8 */;
CREATE TABLE `sym_fields_date` (
  `id` int(11) unsigned NOT NULL AUTO_INCREMENT,
  `field_id` int(11) unsigned NOT NULL,
  `pre_populate` enum('yes','no') COLLATE utf8_unicode_ci NOT NULL DEFAULT 'no',
  PRIMARY KEY (`id`),
  KEY `field_id` (`field_id`)
) ENGINE=MyISAM DEFAULT CHARSET=utf8 COLLATE=utf8_unicode_ci;
/*!40101 SET character_set_client = @saved_cs_client */;

--
-- Dumping data for table `sym_fields_date`
--

LOCK TABLES `sym_fields_date` WRITE;
/*!40000 ALTER TABLE `sym_fields_date` DISABLE KEYS */;
/*!40000 ALTER TABLE `sym_fields_date` ENABLE KEYS */;
UNLOCK TABLES;

--
-- Table structure for table `sym_fields_input`
--

DROP TABLE IF EXISTS `sym_fields_input`;
/*!40101 SET @saved_cs_client     = @@character_set_client */;
/*!40101 SET character_set_client = utf8 */;
CREATE TABLE `sym_fields_input` (
  `id` int(11) unsigned NOT NULL AUTO_INCREMENT,
  `field_id` int(11) unsigned NOT NULL,
  `validator` varchar(255) COLLATE utf8_unicode_ci DEFAULT NULL,
  PRIMARY KEY (`id`),
  KEY `field_id` (`field_id`)
) ENGINE=MyISAM AUTO_INCREMENT=17 DEFAULT CHARSET=utf8 COLLATE=utf8_unicode_ci;
/*!40101 SET character_set_client = @saved_cs_client */;

--
-- Dumping data for table `sym_fields_input`
--

LOCK TABLES `sym_fields_input` WRITE;
/*!40000 ALTER TABLE `sym_fields_input` DISABLE KEYS */;
INSERT INTO `sym_fields_input` VALUES (13,1,NULL),(14,2,NULL),(15,4,NULL),(16,5,NULL),(11,6,NULL),(12,7,NULL);
/*!40000 ALTER TABLE `sym_fields_input` ENABLE KEYS */;
UNLOCK TABLES;

--
-- Table structure for table `sym_fields_select`
--

DROP TABLE IF EXISTS `sym_fields_select`;
/*!40101 SET @saved_cs_client     = @@character_set_client */;
/*!40101 SET character_set_client = utf8 */;
CREATE TABLE `sym_fields_select` (
  `id` int(11) unsigned NOT NULL AUTO_INCREMENT,
  `field_id` int(11) unsigned NOT NULL,
  `allow_multiple_selection` enum('yes','no') COLLATE utf8_unicode_ci NOT NULL DEFAULT 'no',
  `static_options` text COLLATE utf8_unicode_ci,
  `dynamic_options` int(11) unsigned DEFAULT NULL,
  PRIMARY KEY (`id`),
  KEY `field_id` (`field_id`)
) ENGINE=MyISAM DEFAULT CHARSET=utf8 COLLATE=utf8_unicode_ci;
/*!40101 SET character_set_client = @saved_cs_client */;

--
-- Dumping data for table `sym_fields_select`
--

LOCK TABLES `sym_fields_select` WRITE;
/*!40000 ALTER TABLE `sym_fields_select` DISABLE KEYS */;
/*!40000 ALTER TABLE `sym_fields_select` ENABLE KEYS */;
UNLOCK TABLES;

--
-- Table structure for table `sym_fields_selectbox_link`
--

DROP TABLE IF EXISTS `sym_fields_selectbox_link`;
/*!40101 SET @saved_cs_client     = @@character_set_client */;
/*!40101 SET character_set_client = utf8 */;
CREATE TABLE `sym_fields_selectbox_link` (
  `id` int(11) unsigned NOT NULL AUTO_INCREMENT,
  `field_id` int(11) unsigned NOT NULL,
  `allow_multiple_selection` enum('yes','no') NOT NULL DEFAULT 'no',
  `related_field_id` varchar(255) NOT NULL,
  `limit` int(4) unsigned NOT NULL DEFAULT '20',
  PRIMARY KEY (`id`),
  KEY `field_id` (`field_id`)
) ENGINE=MyISAM AUTO_INCREMENT=2 DEFAULT CHARSET=latin1;
/*!40101 SET character_set_client = @saved_cs_client */;

--
-- Dumping data for table `sym_fields_selectbox_link`
--

LOCK TABLES `sym_fields_selectbox_link` WRITE;
/*!40000 ALTER TABLE `sym_fields_selectbox_link` DISABLE KEYS */;
INSERT INTO `sym_fields_selectbox_link` VALUES (1,8,'no','6',20);
/*!40000 ALTER TABLE `sym_fields_selectbox_link` ENABLE KEYS */;
UNLOCK TABLES;

--
-- Table structure for table `sym_fields_taglist`
--

DROP TABLE IF EXISTS `sym_fields_taglist`;
/*!40101 SET @saved_cs_client     = @@character_set_client */;
/*!40101 SET character_set_client = utf8 */;
CREATE TABLE `sym_fields_taglist` (
  `id` int(11) unsigned NOT NULL AUTO_INCREMENT,
  `field_id` int(11) unsigned NOT NULL,
  `validator` varchar(255) COLLATE utf8_unicode_ci DEFAULT NULL,
  `pre_populate_source` varchar(15) COLLATE utf8_unicode_ci DEFAULT NULL,
  PRIMARY KEY (`id`),
  KEY `field_id` (`field_id`),
  KEY `pre_populate_source` (`pre_populate_source`)
) ENGINE=MyISAM DEFAULT CHARSET=utf8 COLLATE=utf8_unicode_ci;
/*!40101 SET character_set_client = @saved_cs_client */;

--
-- Dumping data for table `sym_fields_taglist`
--

LOCK TABLES `sym_fields_taglist` WRITE;
/*!40000 ALTER TABLE `sym_fields_taglist` DISABLE KEYS */;
/*!40000 ALTER TABLE `sym_fields_taglist` ENABLE KEYS */;
UNLOCK TABLES;

--
-- Table structure for table `sym_fields_textarea`
--

DROP TABLE IF EXISTS `sym_fields_textarea`;
/*!40101 SET @saved_cs_client     = @@character_set_client */;
/*!40101 SET character_set_client = utf8 */;
CREATE TABLE `sym_fields_textarea` (
  `id` int(11) unsigned NOT NULL AUTO_INCREMENT,
  `field_id` int(11) unsigned NOT NULL,
  `formatter` varchar(100) COLLATE utf8_unicode_ci DEFAULT NULL,
  `size` int(3) unsigned NOT NULL,
  PRIMARY KEY (`id`),
  KEY `field_id` (`field_id`)
) ENGINE=MyISAM AUTO_INCREMENT=5 DEFAULT CHARSET=utf8 COLLATE=utf8_unicode_ci;
/*!40101 SET character_set_client = @saved_cs_client */;

--
-- Dumping data for table `sym_fields_textarea`
--

LOCK TABLES `sym_fields_textarea` WRITE;
/*!40000 ALTER TABLE `sym_fields_textarea` DISABLE KEYS */;
INSERT INTO `sym_fields_textarea` VALUES (4,3,NULL,7);
/*!40000 ALTER TABLE `sym_fields_textarea` ENABLE KEYS */;
UNLOCK TABLES;

--
-- Table structure for table `sym_fields_upload`
--

DROP TABLE IF EXISTS `sym_fields_upload`;
/*!40101 SET @saved_cs_client     = @@character_set_client */;
/*!40101 SET character_set_client = utf8 */;
CREATE TABLE `sym_fields_upload` (
  `id` int(11) unsigned NOT NULL AUTO_INCREMENT,
  `field_id` int(11) unsigned NOT NULL,
  `destination` varchar(255) COLLATE utf8_unicode_ci NOT NULL,
  `validator` varchar(255) COLLATE utf8_unicode_ci DEFAULT NULL,
  PRIMARY KEY (`id`),
  KEY `field_id` (`field_id`)
) ENGINE=MyISAM DEFAULT CHARSET=utf8 COLLATE=utf8_unicode_ci;
/*!40101 SET character_set_client = @saved_cs_client */;

--
-- Dumping data for table `sym_fields_upload`
--

LOCK TABLES `sym_fields_upload` WRITE;
/*!40000 ALTER TABLE `sym_fields_upload` DISABLE KEYS */;
/*!40000 ALTER TABLE `sym_fields_upload` ENABLE KEYS */;
UNLOCK TABLES;

--
-- Table structure for table `sym_forgotpass`
--

DROP TABLE IF EXISTS `sym_forgotpass`;
/*!40101 SET @saved_cs_client     = @@character_set_client */;
/*!40101 SET character_set_client = utf8 */;
CREATE TABLE `sym_forgotpass` (
  `author_id` int(11) NOT NULL DEFAULT '0',
  `token` varchar(6) COLLATE utf8_unicode_ci NOT NULL,
  `expiry` varchar(25) COLLATE utf8_unicode_ci NOT NULL,
  PRIMARY KEY (`author_id`)
) ENGINE=MyISAM DEFAULT CHARSET=utf8 COLLATE=utf8_unicode_ci;
/*!40101 SET character_set_client = @saved_cs_client */;

--
-- Dumping data for table `sym_forgotpass`
--

LOCK TABLES `sym_forgotpass` WRITE;
/*!40000 ALTER TABLE `sym_forgotpass` DISABLE KEYS */;
/*!40000 ALTER TABLE `sym_forgotpass` ENABLE KEYS */;
UNLOCK TABLES;

--
-- Table structure for table `sym_pages`
--

DROP TABLE IF EXISTS `sym_pages`;
/*!40101 SET @saved_cs_client     = @@character_set_client */;
/*!40101 SET character_set_client = utf8 */;
CREATE TABLE `sym_pages` (
  `id` int(11) unsigned NOT NULL AUTO_INCREMENT,
  `parent` int(11) DEFAULT NULL,
  `title` varchar(255) COLLATE utf8_unicode_ci NOT NULL DEFAULT '',
  `handle` varchar(255) COLLATE utf8_unicode_ci DEFAULT NULL,
  `path` varchar(255) COLLATE utf8_unicode_ci DEFAULT NULL,
  `params` varchar(255) COLLATE utf8_unicode_ci DEFAULT NULL,
  `data_sources` text COLLATE utf8_unicode_ci,
  `events` text COLLATE utf8_unicode_ci,
  `sortorder` int(11) NOT NULL DEFAULT '0',
  PRIMARY KEY (`id`),
  KEY `parent` (`parent`)
) ENGINE=MyISAM AUTO_INCREMENT=11 DEFAULT CHARSET=utf8 COLLATE=utf8_unicode_ci;
/*!40101 SET character_set_client = @saved_cs_client */;

--
-- Dumping data for table `sym_pages`
--

LOCK TABLES `sym_pages` WRITE;
/*!40000 ALTER TABLE `sym_pages` DISABLE KEYS */;
INSERT INTO `sym_pages` VALUES (1,NULL,'Home','index',NULL,NULL,'user_snippets','new_snippet',2),(2,NULL,'Snippet Edit','edit',NULL,'snip-id','resources_list,snippet_information,snippet_main_resources,snippet_parameters','save_main_resources,save_snippet_information',3),(3,2,'Edit Resource','resource','edit','snip-id/resource','resources_list,snippet_information,snippet_resource_encoded','delete_resource,save_resource,save_snippet_information',4),(4,2,'Edit Parameters','parameters','edit','snip-id','resources_list,snippet_information,snippet_parameters','save_parameters,save_snippet_information',5),(5,2,'Add Resource','add-resource','edit','snip-id','resources_list,snippet_information','add_resource,save_snippet_information',6),(6,2,'Process Result','result','edit','snip-id','resources_list,snippet_information,snippet_result','save_snippet_information',7),(8,NULL,'Snippet View','view',NULL,'user/snip-id','resources_list,snippet_information,snippet_main_resources,user_snippets','fork_snippet',8),(9,8,'View Resource','resource','view','user/snip-id/resource','resources_list,snippet_information,snippet_resource_bitter,user_snippets','fork_snippet',9),(10,8,'View Result','result','view','user/snip-id','resources_list,snippet_information,snippet_result,user_snippets','fork_snippet',10);
/*!40000 ALTER TABLE `sym_pages` ENABLE KEYS */;
UNLOCK TABLES;

--
-- Table structure for table `sym_pages_types`
--

DROP TABLE IF EXISTS `sym_pages_types`;
/*!40101 SET @saved_cs_client     = @@character_set_client */;
/*!40101 SET character_set_client = utf8 */;
CREATE TABLE `sym_pages_types` (
  `id` int(11) unsigned NOT NULL AUTO_INCREMENT,
  `page_id` int(11) unsigned NOT NULL,
  `type` varchar(50) COLLATE utf8_unicode_ci NOT NULL,
  PRIMARY KEY (`id`),
  KEY `page_id` (`page_id`,`type`)
) ENGINE=MyISAM AUTO_INCREMENT=7 DEFAULT CHARSET=utf8 COLLATE=utf8_unicode_ci;
/*!40101 SET character_set_client = @saved_cs_client */;

--
-- Dumping data for table `sym_pages_types`
--

LOCK TABLES `sym_pages_types` WRITE;
/*!40000 ALTER TABLE `sym_pages_types` DISABLE KEYS */;
INSERT INTO `sym_pages_types` VALUES (6,1,'index');
/*!40000 ALTER TABLE `sym_pages_types` ENABLE KEYS */;
UNLOCK TABLES;

--
-- Table structure for table `sym_sections`
--

DROP TABLE IF EXISTS `sym_sections`;
/*!40101 SET @saved_cs_client     = @@character_set_client */;
/*!40101 SET character_set_client = utf8 */;
CREATE TABLE `sym_sections` (
  `id` int(11) unsigned NOT NULL AUTO_INCREMENT,
  `name` varchar(255) COLLATE utf8_unicode_ci NOT NULL DEFAULT '',
  `handle` varchar(255) COLLATE utf8_unicode_ci NOT NULL,
  `sortorder` int(11) NOT NULL DEFAULT '0',
  `entry_order` varchar(7) COLLATE utf8_unicode_ci DEFAULT NULL,
  `entry_order_direction` enum('asc','desc') COLLATE utf8_unicode_ci DEFAULT 'asc',
  `hidden` enum('yes','no') COLLATE utf8_unicode_ci NOT NULL DEFAULT 'no',
  `navigation_group` varchar(255) COLLATE utf8_unicode_ci NOT NULL DEFAULT 'Content',
  PRIMARY KEY (`id`),
  UNIQUE KEY `handle` (`handle`)
) ENGINE=MyISAM AUTO_INCREMENT=3 DEFAULT CHARSET=utf8 COLLATE=utf8_unicode_ci;
/*!40101 SET character_set_client = @saved_cs_client */;

--
-- Dumping data for table `sym_sections`
--

LOCK TABLES `sym_sections` WRITE;
/*!40000 ALTER TABLE `sym_sections` DISABLE KEYS */;
INSERT INTO `sym_sections` VALUES (1,'Snippets','snippets',1,NULL,'asc','no','Content'),(2,'Users','users',2,NULL,'asc','no','Content');
/*!40000 ALTER TABLE `sym_sections` ENABLE KEYS */;
UNLOCK TABLES;

--
-- Table structure for table `sym_sections_association`
--

DROP TABLE IF EXISTS `sym_sections_association`;
/*!40101 SET @saved_cs_client     = @@character_set_client */;
/*!40101 SET character_set_client = utf8 */;
CREATE TABLE `sym_sections_association` (
  `id` int(11) unsigned NOT NULL AUTO_INCREMENT,
  `parent_section_id` int(11) unsigned NOT NULL,
  `parent_section_field_id` int(11) unsigned DEFAULT NULL,
  `child_section_id` int(11) unsigned NOT NULL,
  `child_section_field_id` int(11) unsigned NOT NULL,
  `cascading_deletion` enum('yes','no') COLLATE utf8_unicode_ci NOT NULL DEFAULT 'no',
  PRIMARY KEY (`id`),
  KEY `parent_section_id` (`parent_section_id`,`child_section_id`,`child_section_field_id`)
) ENGINE=MyISAM AUTO_INCREMENT=2 DEFAULT CHARSET=utf8 COLLATE=utf8_unicode_ci;
/*!40101 SET character_set_client = @saved_cs_client */;

--
-- Dumping data for table `sym_sections_association`
--

LOCK TABLES `sym_sections_association` WRITE;
/*!40000 ALTER TABLE `sym_sections_association` DISABLE KEYS */;
INSERT INTO `sym_sections_association` VALUES (1,2,6,1,8,'no');
/*!40000 ALTER TABLE `sym_sections_association` ENABLE KEYS */;
UNLOCK TABLES;

--
-- Table structure for table `sym_sessions`
--

DROP TABLE IF EXISTS `sym_sessions`;
/*!40101 SET @saved_cs_client     = @@character_set_client */;
/*!40101 SET character_set_client = utf8 */;
CREATE TABLE `sym_sessions` (
  `session` varchar(255) NOT NULL,
  `session_expires` int(10) unsigned NOT NULL DEFAULT '0',
  `session_data` text,
  PRIMARY KEY (`session`)
) ENGINE=MyISAM DEFAULT CHARSET=latin1;
/*!40101 SET character_set_client = @saved_cs_client */;

--
-- Dumping data for table `sym_sessions`
--

LOCK TABLES `sym_sessions` WRITE;
/*!40000 ALTER TABLE `sym_sessions` DISABLE KEYS */;
INSERT INTO `sym_sessions` VALUES ('dcce79f90a6812bfd446d29e5c36042b',1289300750,'sym-|a:2:{s:8:\"username\";s:5:\"admin\";s:4:\"pass\";s:40:\"4ecb9d2b21439d3e2d139b23358140cfa6f14203\";}'),('des0l4cseu3vhch2ijopp8nrk6',1289989245,'sym-|a:2:{s:8:\"username\";s:5:\"admin\";s:4:\"pass\";s:40:\"4ecb9d2b21439d3e2d139b23358140cfa6f14203\";}ninja-user|a:1:{s:8:\"snippets\";a:2:{i:0;s:10:\"62d73f4e90\";i:1;s:11:\"3_e759f35b9\";}}');
/*!40000 ALTER TABLE `sym_sessions` ENABLE KEYS */;
UNLOCK TABLES;
/*!40103 SET TIME_ZONE=@OLD_TIME_ZONE */;

/*!40101 SET SQL_MODE=@OLD_SQL_MODE */;
/*!40014 SET FOREIGN_KEY_CHECKS=@OLD_FOREIGN_KEY_CHECKS */;
/*!40014 SET UNIQUE_CHECKS=@OLD_UNIQUE_CHECKS */;
/*!40101 SET CHARACTER_SET_CLIENT=@OLD_CHARACTER_SET_CLIENT */;
/*!40101 SET CHARACTER_SET_RESULTS=@OLD_CHARACTER_SET_RESULTS */;
/*!40101 SET COLLATION_CONNECTION=@OLD_COLLATION_CONNECTION */;
/*!40111 SET SQL_NOTES=@OLD_SQL_NOTES */;

-- Dump completed on 2010-11-17 11:25:12
